,id,title,rmse,count,cause
1,5713422,와리가리,28.49,25,방송출연
2,4016085,신촌을 못가,28.23,46,방송출연
3,3753304,벚꽃 엔딩,27.95,116,계절
4,30383758,Lonely (Feat. 태연),27.69,19,사회적이슈
5,3053259,미리 메리 크리스마스 (Feat. 천둥 Of MBLAQ),27.41,40,계절
6,5398990,이 소설의 끝을 다시 써보려 해,26.98,60,사회적이슈
7,3467465,정주나요,26.77,11,방송출연
8,4165390,Falling In Love,26.66,14,
9,8115189,몇 년 후에,26.52,12,
10,3471644,말하는 대로,26.04,14,방송출연
11,30088156,"가끔 (Feat. Crush, 기리보이)",25.85,11,
12,3174148,가슴 시린 이야기 (Feat. 용준형 Of Beast),25.72,38,
13,5389475,양화대교,25.62,52,사회적이슈
14,3143550,나만 몰랐던 이야기,25.58,17,
15,4354180,겨울 고백,25.19,18,계절
16,8124417,봄이 좋냐??,25.07,38,계절
17,3753303,여수 밤바다,25.06,41,
18,3753309,꽃송이가,25.06,43,계절
19,3973781,크리스마스니까,24.97,47,계절
20,4036019,라면인건가,24.58,14,방송출연
21,3820647,illa illa (일라 일라),24.57,20,사회적이슈
22,7975242,사랑이 맞을거야,24.14,17,
23,7852842,그렇게 됐어,24.08,12,
24,5700879,View,23.86,18,
25,3467462,나만 부를 수 있는 노래,23.81,12,
26,8276709,아름다워,23.8,31,
27,3467461,순정마초,23.78,12,방송출연
28,30005102,내가 설렐 수 있게,23.76,14,
29,8276708,마에스트로 (Maestro),23.58,27,사회적이슈
30,3467467,흔들어 주세요,23.47,12,방송출연
31,30086173,비행운,23.47,36,사회적이슈
32,4579468,봄 사랑 벚꽃 말고,23.46,77,계절
33,4076051,Love Blossom (러브블러썸),23.42,25,계절
34,8086947,한숨,23.24,48,
35,5652555,Shine Your Light,23.08,13,
36,4599628,티가 나나봐,23.03,14,
37,30974156,어린 왕자 (Prod. Godic),22.88,14,
38,3536906,사랑 사랑아,22.8,19,
39,3686634,Hit U,22.72,12,
40,31159436,장마 (Rainy Season),22.61,13,날씨
41,5584400,사랑은 미친짓 (Feat. 칸토 of 트로이),22.47,18,
42,3524625,"가슴으로 운다 (Feat. 아이린, 윤미)",22.37,14,
43,3667495,예쁜게 다니,22.34,11,
44,5644636,다른 남자 말고 너,22.34,22,
45,3673495,사랑시 고백구 행복동,22.15,11,
46,3935594,Ice Cream (Feat. Maboos),22.05,15,
47,7982920,PICK ME,21.92,23,방송출연
48,4312955,거짓말 거짓말 거짓말,21.91,31,
49,30457690,Why Don`t You Know (Feat. 넉살),21.74,23,
50,4091105,봄봄봄,21.65,25,계절
51,3753302,첫사랑,21.56,34,
52,3675692,베짱이 찬가,21.55,16,
53,4294284,내일은 없어,21.4,21,
54,5785424,일하러 가야 돼,21.27,12,
55,4756304,Touch My Body,21.26,24,계절
56,3820695,굿모닝 (Feat. 권정열 Of 10cm),21,21,
57,3832101,정말로 사랑한다면,20.95,32,
58,5473834,시간아 천천히,20.89,15,
59,3604753,사랑에 빠지고 싶다,20.68,18,
60,3611633,Ma Boy 2 (Feat. 효린),20.64,18,
61,5610343,사랑 범벅 (Feat. 챈슬러 of the channels),20.64,22,
62,8104430,Yum-Yum (얌얌),20.63,14,
63,5466962,스토커,20.6,48,
64,5552430,드라마 (DRAMA),20.6,11,
65,5442690,New York (Feat. 백지영),20.59,12,
66,5413256,12시 30분,20.52,28,
67,4786735,Marry Me,20.51,58,사회적이슈
68,5473905,LUV,20.47,33,
69,3467466,압구정 날라리,20.38,17,방송출연
70,3910821,바람기억,20.37,63,
71,4053240,Crescendo (크레셴도),20.37,19,방송출연
72,30550388,all of my life,20.34,58,
73,5653497,하기나 해 (Feat. Loco),20.2,18,
74,8138940,Toy,20.16,22,
75,30957524,북 (Prod. SLO),20.16,17,방송출연
76,5658708,어머님이 누구니 (Feat. 제시),20.06,23,
77,30849733,You,20.06,39,
78,5815785,사이먼 도미닉,20,19,
79,4691278,Mr.애매모호,19.95,14,
80,8268275,네 생각,19.87,26,
81,30132687,Stay With Me,19.87,29,
82,3853980,어땠을까 (Feat. 박정현),19.82,36,
83,3467463,바람났어 (Feat. 박봄),19.77,18,
84,4027954,내일 할 일,19.77,14,
85,8143111,돌아오지마 (Feat. 용준형 Of 비스트),19.65,80,
86,3593455,서쪽 하늘,19.61,26,
87,5495296,사랑에 빠지고 싶다,19.57,30,
88,30659630,밤이 되니까,19.57,50,
89,5748499,SHAKE IT,19.55,26,계절
90,5644620,CALL ME BABY,19.54,51,아이돌컴백
91,3607859,Cry Cry,19.35,21,
92,30486509,좋니,19.33,68,
93,5721440,LOVE ME RIGHT,19.32,43,아이돌컴백
94,7931712,지못미,19.2,18,
95,4148967,빠빠빠,19.11,22,
96,30017602,Home,19.11,11,
97,62462,잘못된 만남,19.09,12,
98,5551234,슬픔 속에 그댈 지워야만 해,19.06,19,
99,4047415,뻔한 멜로디 (Feat. Crush),18.98,12,
100,5442696,죽을만큼 아파서 Part.2 (Feat. 스웨덴세탁소),18.95,19,
101,3116963,기가 차 (Feat. 슈프림팀 ＆ 씨스타),18.89,12,
102,8148487,하늘바라기 (Feat. 하림),18.89,35,
103,3545342,그대이길 바래요 (With 케이윌),18.81,11,
104,5546489,유리구슬 (Glass Bead),18.72,31,
105,31019586,전혀 (Feat. 우원재) (Prod. GroovyRoom),18.68,12,
106,5748406,심쿵해 (Heart Attack),18.62,49,아이돌컴백
107,5818522,오빠차,18.56,23,
108,3360476,별 짓 다해봤는데,18.54,13,
109,3753310,향수,18.5,11,
110,8065398,공감 (Feat. 서영은),18.4,35,
111,7870472,Ah-Choo,18.38,39,
112,7888412,"말해 Yes Or No (Feat. PENOMECO, The Quiett)",18.38,19,
113,4527879,감아 (Feat. Crush),18.37,34,
114,3970899,다리꼬지마,18.3,17,
115,3319849,반짝반짝,18.28,20,
116,3753305,외로움증폭장치 (브래드 드럼 한판 쉬기),18.28,21,
117,30191370,소원,18.25,15,
118,30099927,노력,18.21,41,
119,5442689,마음 단단히 먹어 (Feat. 에일리),18.13,14,
120,3864962,자꾸만 자꾸만,18.06,13,
121,7860122,보통연애 (Feat. 박보람),18.03,32,
122,3087888,Supa Dupa Diva,18,17,
123,4032981,여보세요,17.92,51,
124,30514366,선물,17.92,59,
125,8028701,시간을 달려서 (Rough),17.91,41,
126,30636089,가을 아침,17.82,28,
127,30601121,"Red Sun (Feat. ZICO, Swings)",17.78,13,
128,30755375,그날처럼,17.7,48,
129,5458267,광화문에서 (At Gwanghwamun),17.67,35,
130,30040810,너무너무너무,17.62,34,
131,7858908,바람이나 좀 쐐 (Feat. 우혜미),17.54,30,
132,30467550,매일 듣는 노래 (A Daily Song),17.52,42,
133,3522389,블링블링 (Bling Bling),17.5,11,
134,5620266,The Time Goes On,17.42,32,
135,5771304,Oasis (Feat. ZICO),17.34,47,
136,5442691,도망가자 (Feat. 린),17.28,18,
137,4333556,꾸리스마스,17.21,12,
138,30286429,MOVIE,17.15,25,
139,30992157,빛나리,17.13,14,
140,5713425,Hooka,17.03,14,
141,30029173,피 땀 눈물,17.01,73,아이돌컴백
142,3434891,그렇고 그런 사이,16.93,15,
143,3354527,STUPID LIAR,16.92,13,
144,3488667,내꺼하자,16.89,16,
145,3893169,홀로 (Feat. 김나영),16.88,40,
146,3111583,Black & White,16.78,20,
147,7965449,유레카 (Feat. Zion.T),16.74,38,
148,30414090,처음부터 너와 나,16.72,38,
149,3753308,전활 거네,16.66,14,
150,3726617,자니 (Feat. Dynamic Duo),16.62,88,
151,3753307,골목길 어귀에서,16.62,12,
152,3618293,My My,16.5,17,
153,4681146,한여름밤의 꿀,16.5,72,계절
154,3110565,톡톡 (Tok Tok) (Feat. SOYA),16.48,19,
155,3940613,독 (Feat. E-Sens Of 슈프림팀),16.42,14,
156,8262125,너 그리고 나 (NAVILLERA),16.42,31,
157,30049271,"All I Wanna Do (K) (Feat. Hoody, Loco)",16.38,51,
158,30399360,미치고 싶다,16.37,26,
159,8109414,21,16.3,21,
160,8028725,사랑이었다 (Feat. 루나 of f(x)),16.26,22,
161,3338948,La Vida Loca (라 비다 로카),16.23,13,
162,4164425,핫 앤 콜드 (Hot & Cold),16.23,11,
163,30616684,Power,16.18,31,
164,5700639,마음,16.15,27,
165,4535038,그런 남자,16.06,20,
166,4382254,La Song,15.97,18,
167,30113165,"BERMUDA TRIANGLE (Feat. Crush, DEAN)",15.92,22,
168,30816860,뿜뿜,15.9,41,
169,3843565,Boogie On & On,15.84,22,
170,30689468,결혼,15.83,14,
171,30568337,활활 (Burn It Up),15.82,23,
172,3584075,나쁘다 (feat. 진실),15.71,11,
173,418598,친구라도 될 걸 그랬어,15.7,27,
174,3349297,LOVE SONG,15.7,16,
175,3832098,그댈 마주하는건 힘들어 (그마힘),15.69,22,
176,3948908,"씨스루 (Feat. Zion.T, 개코 Of 다이나믹듀오)",15.65,49,
177,4693165,단발머리 (Short Hair),15.63,22,
178,7912749,아마도 그건,15.57,33,
179,31149418,BAAM,15.56,17,
180,3840677,미안해서 미안해 (Feat. G.NA),15.55,16,
181,3145784,파파라치 (Feat. 에릭),15.48,13,
182,3846001,후유증,15.38,13,
183,30550293,사랑하지 않은 것처럼,15.37,32,
184,3436083,끝사랑,15.36,54,
185,3953196,만약에 말야 (전우성 Solo),15.35,41,
186,3106066,처음 사랑하는 연인들을 위해 (반말송),15.26,17,
187,3110581,Back It Up,15.25,11,
188,3422448,Midnight Circus,15.25,15,
189,5449581,Tough Cookie (Feat. Don Mills),15.23,21,
190,3999213,이사람,15.22,14,
191,3852737,내가 먼저 (Feat. 은지원),15.21,11,
192,8104431,같은 곳에서,15.2,20,
193,9620469,우주를 줄게,15.2,64,
194,8028724,너는 나 나는 너,15.19,38,
195,30721801,My Way,15.18,38,
196,3089448,샤이보이,15.15,19,
197,3666277,미치겠어,15.14,14,
198,30702937,우리 둘만 아는,15.14,22,
199,3639713,그 노래를 틀때마다,15.11,17,
200,3395649,이러쿵 저러쿵,15.05,15,
201,3509751,UGLY,14.95,17,
202,30637776,이 별,14.8,58,
203,5493729,싱숭생숭 (SsSs),14.76,21,
204,3833409,Love Again (Feat. 에일리),14.74,15,
205,8167307,불타오르네 (FIRE),14.73,44,
206,3341087,방콕시티 (Bangkok City),14.68,14,
207,3654576,우리 사랑했잖아,14.68,18,
208,3597417,클렌징크림,14.67,15,
209,30132701,저 별,14.62,29,
210,8252409,"호랑나비 (Feat. Gill, 리듬파워, 김흥국)",14.59,24,
211,8261334,미친놈 (Feat. 제시),14.59,17,
212,31196764,여름여름해 (Sunny Summer),14.58,12,계절
213,30962526,"모든 날, 모든 순간 (Every day, Every Moment)",14.52,32,
214,4543502,야생화,14.5,117,
215,5450271,산다는 건 (Cheer Up),14.46,22,
216,851429,기억속의 먼 그대에게,14.45,21,
217,3701333,Heaven,14.44,24,
218,5804040,거북선 (Feat. 팔로알토),14.42,25,
219,5605860,오빠야,14.41,32,
220,4252728,처음엔 사랑이란게,14.39,34,
221,9620473,나만 안되는 연애,14.38,70,
222,3352959,To Me (내게로..),14.34,14,
223,3107348,어쩌라고,14.22,12,
224,3164048,미친거니 (Feat. 방용국),14.21,16,
225,30675647,헤어질 수 밖에,14.19,13,
226,30179099,Excuse Me,14.18,19,
227,3624810,불타는 금요일 (Friday Night),14.14,13,
228,3452769,내가 제일 잘 나가,14.11,20,
229,4230002,예뻐 예뻐,14.06,29,
230,30667988,짙어져,14.06,34,
231,8042169,그댄 행복에 살텐데,14.05,21,
232,30440430,사랑앓이 (With 김나영),14.04,14,
233,30208070,소나기,14.03,30,
234,3488750,Hate You,13.99,15,
235,3986978,Goodbye To Romance,13.96,17,
236,30715020,러브스토리 (Feat. 크러쉬),13.94,11,
237,30878838,고맙다,13.86,13,
238,3860282,아름다운 밤이야,13.83,17,
239,31055324,LATATA,13.76,23,
240,31085244,Anpanman,13.74,24,
241,3099149,Stay,13.73,11,
242,3832079,충분히 예뻐 (feat. 산체스 Of 팬텀),13.68,21,
243,3692955,난리나,13.67,17,
244,3172166,가슴이 뛴다,13.65,16,
245,4544242,그 중에 그대를 만나,13.63,39,
246,9642570,넋두리,13.63,31,
247,30272285,언젠가 (SOMEDAY),13.63,11,
248,7891119,OOH-AHH하게,13.62,52,
249,3348066,너 밖엔 없더라,13.61,14,
250,3763333,두 마리,13.56,14,
251,30519035,FANXY CHILD (Feat. FANXY CHILD),13.56,15,
252,3630755,Trouble Maker,13.55,25,
253,8115192,봄날의 기억,13.55,13,
254,8049264,1cm의 자존심,13.54,15,
255,5385974,위잉위잉,13.53,38,
256,30453635,NEVER,13.5,17,
257,31219546,flex (Prod. By 기리보이),13.5,12,
258,3532821,Top Girl,13.47,12,
259,30566064,"요즘것들 (Feat. ZICO, DEAN)",13.43,18,
260,3516563,Mr. Simple,13.39,13,
261,30054344,TT,13.36,46,
262,3864961,가수가 된 이유,13.34,47,
263,3579341,MR.TAXI (Korean Ver.),13.29,19,
264,3509457,죽을 것만 같아,13.23,11,
265,3689468,지독하게,13.23,14,
266,3110148,잘 된 일이야,13.2,17,
267,30725484,Twilight,13.2,13,
268,30806536,Universe,13.2,44,
269,5791706,오늘부터 우리는 (Me Gustas Tu),13.19,64,
270,3488849,Good-bye Baby,13.16,17,
271,4381724,그대가 분다,13.15,30,
272,3492688,밤 하늘에,13.14,12,
273,30367365,BLUE MOON (Prod. GroovyRoom),13.13,27,
274,4800614,BE I,13.12,14,
275,8109412,D (half moon) (Feat. 개코),13.11,88,
276,4180409,Shadow (그림자),13.03,16,
277,2575587,소주한잔,13.02,12,
278,4050616,나쁜여자,12.98,11,
279,8158031,CHEER UP,12.97,70,
280,30529996,Ko Ko Bop,12.93,42,
281,3968836,되돌리다,12.91,24,
282,3745234,Venus,12.88,11,
283,3480463,모나리자 (Mona Lisa),12.87,14,
284,3507555,툭하면 (Feat. Skull),12.86,12,
285,4004021,강북멋쟁이,12.74,16,
286,3379391,Shampoo,12.72,14,
287,9620471,You(=I),12.69,47,
288,30244931,봄날,12.66,89,
289,30495638,아침에 (Feat. Bryn),12.65,15,
290,8271355,"And July (Feat. DEAN, DJ Friz)",12.64,33,
291,3561276,내가 이렇지 (Feat. 하동균),12.62,14,
292,30725481,Nothing Without You (Intro.),12.62,11,
293,3837683,Loving U (러빙유),12.61,23,
294,8217163,Lucky One,12.58,38,
295,3859894,Only One,12.57,15,
296,30543235,있다면,12.55,28,
297,31085245,So What,12.54,15,
298,30690674,눈 떠보니 이별이더라,12.53,40,
299,4383833,바람이 불었으면 좋겠어,12.5,66,
300,8155478,심술,12.44,49,
301,7899303,냉탕에 상어 (Feat. 블랙넛),12.43,17,
302,30725483,갖고 싶어,12.43,17,
303,3457172,Roly-Poly,12.42,23,
304,31085243,Airplane pt.2,12.37,24,
305,30294022,나야 나 (PICK ME),12.35,20,
306,3145650,너 말이야,12.3,12,
307,3065251,집에 가지마,12.26,14,
308,3138749,내꺼중에 최고,12.23,16,
309,3534943,회상 (Feat. 백지영),12.19,14,
310,3736176,곰인형 (Feat. 해금),12.17,16,
311,7935396,HOT PINK,12.13,22,
312,3349210,거울아 거울아,12.09,15,
313,7863752,커피 (Prod. by G-Park 박명수),12.09,13,
314,3811406,잘자요 굿나잇,12.04,16,
315,4586092,너 사용법,12.04,40,
316,30512671,빨간 맛 (Red Flavor),12.02,65,
317,3672259,뉴스 (News),11.97,11,
318,3170749,Officially Missing You,11.96,42,
319,3709444,WHOZ THAT GIRL,11.95,12,
320,4433490,썸 (Feat. 릴보이 Of 긱스),11.93,69,
321,2994360,Hello!,11.9,12,
322,4369827,금요일에 만나요 (Feat. 장이정 Of HISTORY),11.87,97,
323,3550136,난 좋아,11.86,11,
324,30605241,베베 (BABE),11.85,17,
325,3666573,애상,11.84,20,
326,5674470,연예할래,11.78,17,
327,5462666,지워 (Feat. 아이언),11.77,20,
328,31085242,Magic Shop,11.73,18,
329,3527235,"TV를 껐네... (Feat. t윤미래, 권정열 Of 10cm)",11.7,17,
330,7956303,나팔바지,11.69,19,
331,4438401,So Wonderful,11.67,13,
332,3538775,좋아보여 (Feat. 검정치마),11.63,34,
333,4840271,위아래,11.62,39,
334,5495681,Angel,11.62,22,
335,8233291,니가 알던 내가 아냐 (Prod. By GRAY),11.6,20,
336,5811228,moneyflow (다 비켜봐),11.53,12,
337,30712793,박수,11.53,12,
338,4806686,공허해,11.52,37,
339,3557196,Sixth Sense,11.51,16,
340,5634219,Puss (Prod.by 라이머),11.51,25,
341,3685853,이럴 줄 알았어,11.48,14,
342,4262252,Very Good,11.48,12,
343,30079094,기도 (I`ll Be Your Man),11.48,14,
344,3840800,DAY BY DAY,11.38,16,
345,30736437,피카부 (Peek-A-Boo),11.38,26,
346,30566061,N분의1 (Feat. 다이나믹듀오),11.37,19,
347,30661885,WHERE YOU AT,11.37,23,
348,4671151,"눈, 코, 입",11.33,44,
349,3089348,왜 (Keep Your Head Down),11.29,13,
350,7956304,DADDY (Feat. CL of 2NE1),11.27,21,
351,3136472,사랑은 은하수 다방에서,11.26,18,
352,4099280,이름이 뭐예요?,11.26,22,
353,7926003,LIGHTSABER,11.25,11,
354,5826461,레옹,11.24,23,
355,4402769,내 생각날 거야 (Narr. 이시영),11.23,12,
356,5743804,음오아예 (Um Oh Ah Yeh),11.22,33,
357,30536155,DINOSAUR,11.22,17,
358,31085240,낙원,11.22,15,
359,4011608,I`m Sorry,11.17,15,
360,4033065,Tell Me Tell Me,11.17,15,
361,8275728,바다,11.17,13,
362,3681993,널 사랑하겠어,11.11,16,
363,5442688,내가 그리웠니 (Feat. 진실 Of Mad Soul Child),11.11,23,
364,3389324,미인,11.1,11,
365,2903041,결혼까지 생각했어,11.08,18,
366,30669593,가을 안부,11.08,54,
367,3448185,Hands Up,11.07,17,
368,2793050,아메리카노,11.06,15,
369,3853074,한 여름 밤의 꿈,11.05,12,
370,7861392,또 다시 사랑,11.04,67,
371,8203900,너였다면,11.04,48,
372,3509748,"Grand Final (Feat. 정인, MC 날유)",11.03,12,
373,30341745,REALLY REALLY,11.03,70,
374,5387875,설렘주의,11.02,11,
375,4192787,아는사람 얘기,11.01,24,
376,4129672,짧은머리,10.99,22,
377,31062863,열애중,10.99,24,
378,3337651,이태원 프리덤 (With JYP),10.98,13,
379,4076109,외국인의 고백,10.98,14,
380,5794982,"RESPECT (Feat. 로꼬, GRAY & DJ Pumkin)",10.98,13,
381,4271833,넘버나인 (No.9),10.96,15,
382,3468048,Bubble Pop!,10.95,16,
383,8077712,봄인가 봐 (Spring Love),10.95,17,
384,8236055,I Like That,10.95,19,
385,30367190,바래다줄게 (Take You Home),10.93,11,
386,3975504,하얀 설레임 (White Love),10.92,11,
387,4184826,첫 사랑니 (Rum Pum Pum Pum),10.9,14,
388,5442687,내 생애 가장 행복한 시간 (Feat. 허각),10.9,33,
389,3472249,한번만 안아줘,10.87,13,
390,3589429,친구잖아,10.87,17,
391,3600224,Girls Girls,10.85,12,
392,30699142,지나오다,10.84,31,
393,3759927,사랑은 다 그런거래요,10.81,13,
394,3843986,방구석 날라리,10.8,11,
395,30157820,For Life,10.8,14,
396,31085241,Love Maze,10.79,15,
397,3620493,안아줘,10.78,46,
398,8033528,어디에도,10.71,115,
399,3118780,하루하루,10.7,15,
400,3853977,뜨거운 안녕 (Feat. 성시경),10.68,20,
401,31085239,134340,10.68,15,
402,3339283,Heart To Heart,10.67,15,
403,4171462,U & I,10.67,22,
404,3411459,Hello Hello,10.65,13,
405,3986186,반창꼬,10.64,17,
406,5533607,데자-부 (Deja-Boo) (Feat. Zion.T),10.64,11,
407,4099386,유리 심장 (Feat. 용준형 Of 비스트),10.61,13,
408,4400561,짧은 치마 (Miniskirt),10.61,37,
409,30989550,바코드 (Prod. GroovyRoom),10.61,19,
410,30179088,쏘아,10.59,12,
411,3853978,강남스타일,10.58,25,
412,3886294,Pandora,10.57,13,
413,8104514,그녀가 곁에 없다면 (결혼 행진곡을 활용한 신곡),10.57,12,
414,3526967,안아줘요,10.56,11,
415,3822622,Electric Shock,10.53,16,
416,31098083,빙글뱅글 (Bingle Bangle),10.53,18,
417,5824839,맙소사,10.5,16,
418,3796159,나쁜놈 (Feat. 소야),10.47,17,
419,9647324,Dancing King,10.47,16,
420,5826465,멋진헛간,10.45,13,
421,3669673,전쟁이야,10.43,11,
422,3585793,그리워 그리워,10.41,29,
423,3971021,카페인 (Feat. 용준형 Of BEAST),10.41,20,
424,3976699,TALK THAT,10.41,14,
425,4660909,사람냄새,10.4,24,
426,30230986,우리집을 못 찾겠군요 (Feat. 볼빨간사춘기),10.38,23,
427,4001331,I Got A Boy,10.35,17,
428,5708013,몸매 (MOMMAE) (Feat. Ugly Duck),10.34,22,
429,4154505,물 좋아?,10.32,11,
430,4340421,Special Love,10.29,20,
431,5472103,Piano Man,10.28,15,
432,4163116,NoNoNo,10.27,33,
433,5826462,스폰서 ($ponsor),10.27,14,
434,8235260,비,10.26,28,
435,3815739,Like this,10.23,17,
436,3863651,달빛바다,10.22,12,
437,4388691,B.B.B (Big Baby Baby),10.22,11,
438,5704397,이럴거면 그러지말지 (Feat. Young K),10.22,50,
439,5704765,동네술집,10.22,16,
440,31009483,花요일 (Blooming Day),10.22,29,
441,3966128,나쁜 사람,10.19,17,
442,5629186,사월의 눈,10.18,25,
443,3690927,DIRTY,10.17,11,
444,5657052,"조만간 봐요 (Feat. BSK, 개코)",10.17,15,
445,3156952,WHAT IS RIGHT,10.16,14,
446,30568338,에너제틱 (Energetic),10.16,64,
447,7854179,취향저격,10.14,37,
448,3804268,Good Boy (Feat. 용준형 Of 비스트),10.12,16,
449,3900853,좋겠어 (I wish),10.12,11,
450,8034004,"what2do (Feat. Crush, Jeff Bernat)",10.11,13,
451,3366160,피노키오 (Danger),10.1,17,
452,4000640,싫다,10.09,14,
453,4516940,오늘 뭐해,10.09,14,
454,4635740,Good-night Kiss,10.09,17,
455,8243823,맘 편히 (Comfortable),10.09,19,
456,30428511,지나쳐 (Feat. DEAN),10.09,11,
457,4019298,모노드라마 (With 유승우),10.08,25,
458,4722450,고백했는데,10.08,11,
459,30565334,LOVE ME LOVE ME,10.08,12,
460,3385548,Ma Boy (마보이),10.06,18,
461,4594680,요즘 바쁜가봐,10.06,26,
462,5629148,Ice Cream Cake,10.06,22,
463,30408193,맞지?,10.06,17,
464,30970444,소나기 (Feat. 10cm),10.06,32,
465,3929469,보여줄게,10.05,26,
466,8217164,Monster,10.03,46,
467,3911750,피어나,10.02,20,
468,4828024,L4L (Lookin` For Luv) (Feat. Dok2 & The Quiett),10,15,
469,4832150,A Real Man,10,14,
470,7881233,Break,10,19,
471,8250334,Shut Up (Feat. 유희열),9.99,15,
472,3534941,나란 놈은 답은 너다 (Feat. 하림),9.98,13,
473,3691429,내가 노래를 못해도,9.97,14,
474,3847197,I Love You,9.97,21,
475,5637019,새벽 가로수길 (With 송유빈),9.96,18,
476,3337773,제발,9.95,20,
477,5826464,I`m So Sexy,9.95,13,
478,3854238,Midnight (별 헤는 밤),9.91,14,
479,4021392,그런 너 (Disturbance),9.91,12,
480,4105654,이게 무슨 일이야,9.9,13,
481,31246870,한(一),9.9,11,
482,3169779,직감,9.89,15,
483,5639931,꽃이 핀다,9.89,17,
484,8036303,I Miss You,9.88,17,
485,4383349,노래가 늘었어,9.86,23,
486,30403590,New Face,9.86,24,
487,3089992,나쁜 남자,9.85,12,
488,3156953,CAFE,9.85,16,
489,3565193,The Boys,9.85,21,
490,8004377,니가 하면 로맨스 (Feat. 다비치),9.85,19,
491,5820368,Lion Heart,9.84,23,
492,3397448,비가 오는 날엔,9.83,27,
493,3953192,하지 못한 말,9.81,24,
494,3665143,거기서거기 (Without You),9.8,18,
495,5572312,그냥 (Just),9.8,37,
496,3795586,하루 끝,9.79,22,
497,4734486,Darling,9.79,20,
498,30481578,마지막처럼,9.79,67,
499,5536206,목소리,9.77,28,
500,30190630,첫눈처럼 너에게 가겠다,9.77,90,날씨
501,3427926,살다가 한번쯤,9.76,23,
502,3549031,Hello,9.76,26,
503,4418185,Fxxk U (Feat. 범키),9.76,14,
504,3689060,내가 싫다,9.72,12,
505,30844118,Roller Coaster,9.72,41,
506,4706174,오늘부터 1일 (Day 1),9.71,17,
507,3403255,보통,9.7,12,
508,31085236,Intro : Singularity,9.7,15,
509,31085238,전하지 못한 진심 (Feat. Steve Aoki),9.7,24,
510,30403589,I LUV IT,9.68,21,
511,3446888,그 입술을 막아본다,9.66,17,
512,3565240,동경소녀,9.65,23,
513,3866006,남자도 우나요,9.65,15,
514,3731994,너도 나처럼,9.63,14,
515,31131274,Forever Young,9.6,20,
516,3593454,막걸리나,9.59,16,
517,4471542,Mr.Mr.,9.58,15,
518,5642918,아무도 모르게 (Prod. by MC몽),9.55,19,
519,8104509,사랑에 빠졌죠 (당신만이),9.54,16,
520,3796613,HUSH,9.53,15,
521,3818487,MONSTER,9.53,19,
522,30492606,FIVE,9.51,16,
523,31019584,붕붕 (Feat. 식케이) (Prod. GroovyRoom),9.51,28,
524,4048381,어느 봄날,9.49,13,
525,3538478,STEP,9.48,13,
526,4027904,1440,9.47,17,
527,30227054,Rookie,9.47,28,
528,3805813,오늘같은 밤이면,9.46,13,
529,4100916,전원일기 (田園日記) (Feat. 이단옆차기 & 태운),9.46,11,
530,3156359,언제나 사랑해,9.45,11,
531,3994911,Dancing Queen,9.45,13,
532,4383773,Something,9.45,30,
533,4308010,Hush,9.44,19,
534,30163110,좋다고 말해,9.44,52,
535,3521672,So Cool (쏘쿨),9.43,27,
536,30930312,약속해요 (I.P.U.),9.43,30,
537,3747933,Hey You,9.42,11,
538,4009751,Special Girl (Feat. Bumkey),9.4,15,
539,30859636,너 없는 시간들,9.39,13,
540,7881505,No Make Up,9.38,32,
541,3614345,서울사람들,9.37,16,
542,4764928,HER,9.37,35,
543,5476552,니가 모르게 (You Don`t Know),9.35,37,
544,3460102,랄랄라 (Feat. 소야),9.33,14,
545,5756880,괜찮아요,9.33,15,
546,971441,광대 (Feat. B.M.K),9.32,12,
547,4019328,돌스 (Dolls),9.31,12,
548,30179089,당신의 밤 (Feat. 오혁),9.3,20,
549,3904614,POISON,9.28,12,
550,4591400,JACKPOT,9.28,15,
551,7877917,I (Feat. 버벌진트),9.28,34,
552,3715676,FANTASTIC BABY,9.27,26,
553,3779134,"씨스루 (Feat. 개코, Zion.T)",9.26,25,
554,4054983,기대해,9.26,24,
555,7877918,U R,9.26,11,
556,30672529,그리워하다,9.26,54,
557,3946768,"1,2,3,4 (원,투,쓰리,포)",9.23,22,
558,3820624,Mr. BangBang,9.22,11,
559,5456521,사뿐사뿐,9.2,34,
560,3763493,나혼자 (Alone),9.19,27,
561,3853976,청개구리 (Feat. G-Dragon),9.19,13,
562,3929471,저녁 하늘,9.19,25,
563,3946867,"Officially Missing You, Too",9.19,50,
564,30177818,I Miss You,9.18,22,
565,4070103,Rose,9.17,15,
566,5826447,겁 (Feat. 태양),9.16,41,
567,5748398,사랑.. 그 놈 (화생방실 클레오파트라),9.15,11,
568,5402092,걱정말아요 그대,9.12,13,
569,4347674,12월의 기적 (Miracles In December),9.09,14,
570,30558525,귀를 기울이면 (LOVE WHISPER),9.09,13,
571,3440448,Hot Summer,9.08,17,
572,3600222,G.N.O.,9.06,13,
573,8005879,Dream (Prod. by 박근태),9.06,28,
574,31052421,밤 (Time for the moon night),9.04,26,
575,4333566,너 밖에 몰라 (One Way Love),9.03,18,
576,8094566,Don`t Cry (우리 동네 음악대장),9.03,23,
577,30889749,애쓰지 마요,9,17,
578,7911686,날 (Feat. JTONG),8.99,18,
579,3905489,아프다,8.97,13,
580,30310862,얼굴 찌푸리지 말아요,8.97,27,
581,3743293,이상형,8.96,17,
582,30181278,오랜 날 오랜 밤,8.96,37,
583,4771771,빨개요,8.95,13,
584,30011624,숨,8.94,44,
585,30105621,나비잠 (Sweet Dream),8.94,25,
586,3928294,남자 없이 잘 살아,8.93,15,
587,4188687,Kill Bill,8.93,11,
588,30529998,Forever,8.93,12,
589,3922071,이러지마 제발 (Please Don`t...),8.92,22,
590,5431090,술이 너보다 낫더라,8.89,21,
591,8206881,L.I.E,8.89,15,
592,4144408,All Right,8.87,16,
593,4806688,끼부리지마,8.87,33,
594,8261335,아름다워 (Beautiful) (Feat. 지코 (ZICO)),8.87,14,
595,8243822,비행소년 (Feat. 거미),8.83,15,
596,3600223,Be My Baby,8.81,20,
597,5419682,"BORN HATER (Feat. 빈지노, 버벌진트, B.I, MINO, BOBBY)",8.81,39,
598,3373007,Don`t Cry,8.79,19,
599,7911687,Boys And Girls (Feat. Babylon),8.79,49,
600,30960341,BOOMERANG (부메랑),8.79,31,
601,5835766,Okey Dokey,8.77,41,
602,8189661,쏘쏘,8.77,21,
603,3772625,떠나간다,8.73,14,
604,3791293,복숭아,8.73,11,
605,30488202,나로 말할 것 같으면 (Yes I am),8.73,19,
606,4840373,I Swear,8.7,14,
607,4582959,인연,8.68,29,
608,4503810,까탈레나 (Catallena),8.67,25,
609,3706380,니가 필요해 (I Need You),8.65,14,
610,5702706,꺼내 먹어요,8.65,47,
611,30378159,잼잼,8.65,11,
612,3108907,비밀 (Special Vocal. 박완규),8.64,16,
613,8295867,여름밤에 우린,8.61,19,
614,30806580,instagram,8.61,31,
615,3573175,연애시대 (Feat. Ra.D) (Narr. 한효주),8.6,16,
616,3713013,Touch,8.59,16,
617,30637982,DNA,8.59,58,
618,3917048,아마추어,8.58,11,
619,4027796,오랜만이죠 (Feat. 신지수),8.58,12,
620,4142913,My Love,8.58,25,
621,83437,여전히 아름다운지,8.57,11,
622,3715674,BAD BOY,8.56,15,
623,4342054,이별남녀,8.56,21,
624,3337496,아파 아이야,8.54,12,
625,3894730,그XX,8.54,18,
626,4138607,넌 너무 야해 (Feat. 긱스) (The Way You Make Me Melt),8.54,18,
627,4333791,코끝에 겨울,8.54,15,계절
628,5719286,뱅뱅뱅 (BANG BANG BANG),8.54,47,
629,31151836,Way Back Home,8.54,16,
630,5634218,"Coma 07` (Prod.by DJ Juice, D.Theo)",8.53,14,
631,4478191,멘붕 (CL Solo),8.52,24,
632,4749449,"명수네 떡볶이 (Feat. 김예림, UL)",8.51,12,
633,30851703,다른사람을 사랑하고 있어,8.5,13,
634,3808405,2HOT,8.49,16,
635,3065249,High High,8.48,17,
636,3573326,사랑은 Move,8.48,18,
637,3715672,BLUE,8.48,19,
638,3391560,Golden Lady (Feat. 현아 Of 4Minute),8.47,12,
639,3786914,너뿐이야 (You`re The One),8.46,15,
640,30349593,사랑이 잘 (With 오혁),8.46,32,
641,30587846,가시나,8.46,35,
642,30611680,폰서트,8.46,27,
643,3625504,너랑 나,8.45,28,
644,4074795,들었다 놨다 (Love Actually),8.45,14,
645,30157753,Beautiful,8.44,36,
646,8252573,아주 NICE,8.43,14,
647,3663978,Lovey-Dovey,8.42,22,
648,3699257,생각날거야,8.41,16,
649,4252727,사랑은 타이밍,8.41,12,
650,3947371,"? (물음표) (Feat. 최자 Of 다이나믹듀오, Zion.T)",8.36,59,
651,5612284,안녕 (Hi~),8.36,16,
652,30529997,What U do?,8.35,12,
653,30637983,Best Of Me,8.35,24,
654,4089360,Bounce,8.33,15,
655,4095862,미스코리아,8.33,11,
656,5376645,가드올리고 Bounce,8.33,20,
657,4130922,미친연애 (Bad Girl) (Feat. E-Sens Of 슈프림팀),8.32,28,
658,30413326,SIGNAL,8.32,23,
659,3936237,휘파람,8.3,20,
660,5474213,HAPPY TOGETHER,8.3,18,
661,3771082,Oh! My God,8.29,11,
662,30261007,KNOCK KNOCK,8.29,31,
663,8254545,Why So Lonely,8.28,26,
664,5684914,Who Are You (Feat. 개코),8.27,11,
665,7933703,못먹는 감 (Sour Grapes),8.27,21,
666,30613202,시차 (We Are) (Feat. 로꼬 & GRAY),8.26,48,
667,3570725,샹하이 로맨스 (上海之戀),8.25,13,
668,3897152,니가 싫어,8.25,15,
669,4074419,어때 (Feat. 하림),8.24,15,
670,4646573,너의 의미 (Feat. 김창완),8.24,74,
671,4101639,YooHoo (유후),8.22,17,
672,4454382,보름달 (Feat. Lena),8.22,19,
673,5465008,세 사람 (With 성시경),8.21,28,
674,30035555,내 옆에 그대인 걸,8.2,19,
675,482653,With Me,8.19,11,
676,4163613,오늘따라 보고싶어서 그래,8.19,20,
677,7971052,Sing For You,8.19,17,
678,3602154,죽고 싶단 말 밖에,8.18,20,
679,4103251,우리가 헤어진 진짜 이유,8.18,13,
680,3065250,Oh Yeah (Feat. 박봄),8.17,17,
681,3764899,Volume Up,8.17,15,
682,3818839,안좋을때 들으면 더 안좋은 노래,8.17,14,
683,5388806,당신만이,8.16,18,
684,3798160,아름다운 밤,8.14,19,
685,4367874,너를,8.11,16,
686,5681153,I NEED U,8.1,16,
687,30169383,Who Are You,8.1,18,
688,3026178,행복한 나를 (Feat. 존박),8.08,11,
689,4412480,답이 없었어,8.08,18,
690,4462368,Can`t Stop,8.08,14,
691,4583482,200%,8.08,23,
692,5456526,나는 달라 (Feat. BOBBY),8.08,19,
693,7953958,우주를 건너,8.08,25,
694,3928293,먼지가 되어,8.07,23,
695,7847861,Dumb Dumb,8.07,32,
696,7998349,어땠을까,8.06,18,
697,5657227,한번 더 말해줘 (Feat. 장한나),8.05,16,
698,3735693,Sherlock.셜록 (Clue+Note),8.04,12,
699,3903316,립스틱 (LIPSTICK),8.04,19,
700,30725482,Beautiful,8.04,50,
701,30725643,뻔한 이별 (PROD. 13),8.04,13,
702,4302973,해볼라고,8.03,14,
703,5470838,GOOD BOY,8.03,34,
704,4138606,Give It To Me,8.02,22,
705,5555751,또 운다 또,8.01,22,
706,3051244,좋은 날,8,24,
707,5660040,아예 (Ah Yeah),8,23,
708,8190803,1llusion,8,15,
709,4004361,시작이 좋아 (Feat. 강민희 Of 미스에스),7.99,14,
710,5628083,두사랑 (Feat. 매드클라운),7.99,29,
711,30757693,기억의 빈자리,7.98,25,
712,8252408,Forever (Prod. By GRAY),7.97,33,
713,3485088,남자니까 웃는거야,7.96,12,
714,3498780,향수 뿌리지마,7.96,11,
715,4493462,보고 싶어...운다,7.96,13,
716,4785453,Body Language (Feat. 범키),7.96,15,
717,4050612,It`s Over,7.95,11,
718,4141700,첫사랑,7.94,12,
719,5684826,BAE BAE,7.93,31,
720,30492279,비도 오고 그래서 (Feat. 신용재),7.93,69,날씨
721,30278209,Fine,7.92,20,
722,3339079,메아리,7.89,12,
723,3791867,목소리 (Feat. 개리 Of 리쌍),7.89,20,
724,30729198,좋아,7.89,26,
725,3059678,사랑이 고프다 (I Promise You),7.87,12,
726,3714473,Falling,7.87,14,
727,5608760,시작이 좋아 2015 (Prod. By 버벌진트),7.87,19,
728,30069773,불장난,7.87,52,
729,4038121,이게 사랑이 아니면 (Feat. 에일리),7.84,17,
730,5795006,예뻐서 (Feat. 루이 Of 긱스) (You`re beautiful),7.84,13,
731,30709103,"그때의 나, 그때의 우리",7.84,26,
732,4026975,너 땜에 못살아 (Feat. 버벌진트),7.83,13,
733,5760116,맨정신,7.83,18,
734,7999021,또 하루 (Feat. 개코),7.83,24,
735,30657310,상상,7.83,11,
736,3037051,니까짓게,7.81,15,
737,3715675,재미없어,7.8,11,
738,7979764,화이트(WHITE) (Feat. 박재범),7.8,12,
739,4633162,중독 (Overdose),7.79,22,
740,30232778,YESTERDAY,7.78,20,
741,4047160,거북이,7.77,23,
742,3128548,달라,7.75,12,
743,3811437,To You,7.75,15,
744,5546828,팔베개 (Feat. 기현) (Pillow),7.74,23,
745,3827879,Flashback,7.72,12,
746,5674119,Me You (Feat. 백예린 Of 15&),7.72,24,
747,30530002,기억을 걷는 밤 (Walk On Memories),7.72,12,
748,3424822,별빛달빛,7.71,20,
749,4118143,Bad Girls,7.71,13,
750,4237755,착해 빠졌어 (Stupid In Love),7.71,40,
751,3758104,나를 사랑했던 사람아,7.69,28,
752,5682700,LOSER,7.69,28,
753,5661710,품행제로,7.68,18,
754,7953785,RUN,7.67,21,
755,30688990,그 사람을 아나요,7.67,24,
756,30939452,Jenga (Feat. Gaeko),7.67,20,
757,8233293,신사 ($insa),7.66,15,
758,3669413,키 큰 노총각 이야기,7.63,11,
759,30035184,빌려줄게,7.63,17,
760,5592623,My Type (Prod. By 버벌진트),7.62,21,
761,30657309,고쳐주세요,7.61,12,
762,30833270,답장,7.61,15,
763,30838076,주인공,7.6,21,
764,30864993,Bad Boy,7.58,32,
765,31224316,죽겠다 (KILLING ME),7.58,13,
766,3715673,사랑먼지,7.57,12,
767,1764208,대낮에 한 이별 (Feat. 선예 (Wonder Girls)),7.56,12,
768,4153450,슬피 우는 새 (Feat. 이수영),7.56,14,
769,3628515,삼촌 (Feat. 이적),7.55,14,
770,3043748,yayaya,7.54,11,
771,5531227,화 (Feat. 진실 Of Mad Soul Child) (Fire),7.54,25,
772,30147445,에라 모르겠다,7.54,34,
773,4082812,좋아 (JOAH),7.53,17,
774,30378155,이 지금,7.53,17,
775,3906383,Missing You (Feat. 김윤아 Of 자우림),7.52,24,
776,4443748,썸남썸녀 (Feat. 휘성),7.5,16,
777,8233373,Bye bye my blue,7.5,19,
778,4300927,링가 링가 (RINGA LINGA),7.48,15,
779,30492276,널 너무 모르고,7.48,36,
780,3156950,TONIGHT,7.47,17,
781,3053253,이게 아닌데,7.43,12,
782,3628477,비밀,7.43,14,
783,4252726,잘할 걸,7.43,15,
784,4381721,그때 우리,7.43,15,
785,4711007,애타는 마음,7.43,26,
786,4024692,있다 없으니까 (Gone Not Around Any Longer),7.42,23,
787,4271854,이별 10분 전,7.42,17,
788,3565242,달의 몰락,7.37,15,
789,3367970,몰라요,7.32,12,
790,4175021,Destiny,7.3,11,
791,4562881,Mr. Chu (On Stage),7.3,30,
792,4167370,레시피,7.29,11,
793,4789747,예뻐졌다 (Feat. 지코 Of Block B),7.29,32,
794,5622359,Apple (Feat. 박재범),7.28,15,
795,30447547,LONELY,7.28,16,
796,4084675,웃다 울다,7.27,12,
797,7896508,스물셋,7.27,28,
798,4011596,눈물샤워 (Feat. 에일리),7.26,25,
799,4603433,너를 원해 (Feat. Beenzino),7.26,21,
800,3832100,소나기 (주르르루),7.25,13,
801,8244030,Why,7.25,15,
802,30700708,LIKEY,7.25,39,
803,31035061,주지마,7.22,28,
804,3588757,"Get It In (Feat. Tiger JK, 정인) (Korean Ver.)",7.2,16,
805,4249547,나란놈이란,7.2,25,
806,5394265,손대지마,7.2,28,
807,5584641,미쳐,7.2,17,
808,5555752,행복해서 미안해,7.19,17,
809,5616999,슈퍼스타 (Prod. by D.O),7.19,18,
810,30657307,썸 탈꺼야,7.19,39,
811,8136765,썸타 (Lil` Something),7.18,11,
812,4320843,DOOM DADA,7.17,15,
813,3779252,다른 사람 품에 안겨서 (Someone Else) (Duet With 가인),7.16,11,
814,3893934,SEXY LOVE,7.15,18,
815,3698565,겁이 나서,7.14,13,
816,5804238,I Feel You,7.14,13,
817,4172962,Be OK (Feat. 배치기),7.13,18,
818,30781481,Heart Shaker,7.12,38,
819,3576486,정류장,7.11,19,
820,4734489,I`m In Love,7.11,15,
821,4152253,여자 대통령,7.1,15,
822,4674167,헤어졌다 만났다,7.08,15,
823,4814576,가,7.08,11,
824,4393161,Lonely (없구나),7.07,17,
825,4226211,니가 뭔데 (Who You?),7.05,17,
826,4649342,Last Romeo,7.05,11,
827,4085875,GENTLEMAN,7.04,19,
828,7971051,불공평해 (Unfair),7.04,15,
829,3558975,파라다이스 (Paradise),7,11,
830,8304617,Whatta Man (Good man),7,12,
831,30637987,MIC Drop,7,29,
832,4175139,비가 온다,6.98,12,
833,7946059,이별밖에,6.98,15,
834,30227061,노래,6.98,18,
835,3983239,일 년째,6.97,12,
836,8244031,Starlight (Feat. DEAN),6.97,15,
837,638570,바람이 분다,6.95,12,
838,3601574,그댄 달라요,6.95,13,
839,8026677,잊어버리지마 (Feat. 태연),6.94,50,
840,5818487,ON IT + BO$$,6.93,11,
841,4232200,삐딱하게 (Crooked),6.92,36,
842,4723861,이제 그만 싸우자,6.92,16,
843,7958267,가질 수 없는 너,6.92,12,
844,7967337,밤의 멜로디,6.92,11,
845,4205993,갖고놀래 (Feat. 다이나믹 듀오),6.91,25,
846,7924015,안아보자,6.91,19,
847,30753213,바보야,6.91,24,
848,3590149,그 남자 그 여자,6.9,21,
849,5372667,독기,6.9,19,
850,30063772,남아있어 (Feat. Crush),6.89,16,
851,30079086,Decalcomanie (데칼코마니),6.88,44,
852,5765888,가질 수 없는 너  (화생방실 클레오파트라) (Bonus Track),6.86,14,
853,4204339,넌 내꺼라는걸 (Feat. 스윙스),6.85,13,
854,30355842,She`s a Baby,6.85,16,
855,30688500,연애소설 (Feat. 아이유),6.85,26,
856,4042480,긴 생머리 그녀 (Miss Right),6.84,15,
857,7896507,Zeze,6.84,18,
858,5459290,쓰담쓰담,6.83,20,
859,30637985,Pied Piper,6.83,11,
860,3569458,사랑과 우정 사이 (With 김연우) (피노키오),6.8,14,
861,4168688,Fly,6.8,11,
862,9609354,If You,6.8,25,
863,4478187,Come Back Home,6.78,25,
864,9614761,그대라는 사치,6.78,61,
865,3801396,추격자,6.77,17,
866,3800393,I 돈 Care (Feat. 서수민PD),6.76,15,
867,4639518,너를 너를 너를,6.76,25,
868,4082947,Officially Missing You,6.74,11,
869,31006730,What is Love?,6.74,29,
870,4583481,Give Love,6.73,19,
871,9606657,Lotto,6.73,31,
872,4232054,사랑했었다면,6.72,12,
873,30178900,첫 눈,6.72,21,
874,3680,너를 위해,6.71,12,
875,8252588,리본 (Ribbon),6.71,16,
876,8304595,붐바야,6.71,21,
877,3783041,Twinkle,6.69,20,
878,3853979,"77학개론 (Feat. 리쌍, 김진표)",6.69,13,
879,4226210,Black (Feat. 제니 of BLACKPINK),6.67,15,
880,8068881,넌 is 뭔들,6.66,33,
881,30519033,Artist,6.66,28,
882,4854588,연결고리#힙합,6.65,32,
883,30809895,미안해,6.65,44,
884,5719287,WE LIKE 2 PARTY,6.64,19,
885,8184472,자격지심 (Feat. 은하 Of 여자친구),6.64,23,
886,3948917,If You Love Me (Feat. 박재범),6.63,17,
887,31194610,Love U,6.62,15,
888,4674344,Hug Me (Feat. Gaeko),6.61,13,
889,5785421,나를 슬프게 하는 사람들 (노래왕 퉁키),6.61,13,
890,8171202,Dream Girls,6.59,17,
891,30227065,Complex (feat. G-DRAGON),6.59,12,
892,30115011,거짓말 (Feat. 이해리 Of 다비치),6.58,12,
893,4160250,날개뼈 (Hot Wings) (Feat. 효린 Of Sistar),6.57,15,
894,8308231,puzzle,6.57,31,
895,4751624,"전화번호 (Feat. 버벌진트, 40)",6.56,14,
896,3028777,별처럼,6.54,11,
897,5793206,"아끼지마 (Don`t Be Shy) (Feat. 초아 (AOA), 아이언)",6.54,15,
898,8225127,달고나,6.54,14,
899,30529995,전야 (前夜) (The Eve),6.52,13,
900,5576417,같은 시간 속의 너,6.49,42,
901,5807274,우리 사랑하지 말아요,6.48,18,
902,8172437,우아해 (woo ah),6.48,18,
903,3906377,크레용 (Crayon),6.46,25,
904,5526865,악몽 (Feat. 박수진),6.45,12,
905,30247520,비가와 (Rain),6.45,19,
906,4317286,밤이 오는 거리 (Feat. 다이나믹듀오),6.43,12,
907,4711065,우산,6.43,15,날씨
908,30829858,#첫사랑,6.43,26,
909,30877002,눈사람,6.42,23,
910,3397797,Lonely,6.41,22,
911,3922586,춥다 (Feat. 이하이),6.41,15,
912,4309790,편지,6.41,18,
913,4714217,하늘색 약속,6.41,15,
914,30713051,덜덜덜,6.41,18,
915,4666402,사랑하는 그대여,6.39,16,
916,4082435,오늘 밤 (Feat. 배치기),6.36,21,
917,30257703,넘어와 (Feat. 백예린),6.36,17,
918,4121653,콩떡빙수,6.34,13,
919,7991610,덤앤더머 (DUMB & DUMBER),6.34,13,
920,4160243,쌔끈해 (Three Dopeboyz) (Feat. Zion.T),6.33,13,
921,4328659,그리워해요,6.33,20,
922,30468654,남이 될 수 있을까,6.33,39,
923,4312933,향기만 남아,6.32,27,
924,8233292,공중도덕 (Air DoTheQ),6.32,16,
925,8086946,손잡아 줘요,6.28,13,
926,3940533,귀여워 (With 권정열 Of 10cm),6.26,22,
927,4023744,지우개,6.26,15,
928,4579474,견딜만해 (Feat. 효린 Of 씨스타),6.26,23,
929,4230004,I`m Fine Thank You,6.25,12,
930,3037048,왜 이러니,6.24,11,
931,5765887,만약에 말야 (화생방실 클레오파트라) (Bonus Track),6.24,13,
932,30939454,내가 더 나빠,6.24,13,
933,4020215,눈물 (Feat. 유진 Of 더 씨야),6.2,28,
934,4686392,Good Luck,6.2,18,
935,30884950,그때 헤어지면 돼,6.2,37,
936,3939070,나를 잊지마요,6.19,12,
937,30461396,"무제(無題) (Untitled, 2014)",6.19,33,
938,3813657,"입장정리 (Feat. 최자, Simon D)",6.18,15,
939,5765885,사랑할수록 (화생방실 클레오파트라),6.18,16,
940,8170828,RE-BYE,6.17,17,
941,4397969,조금 이따 샤워해 (Feat. Crush),6.16,17,
942,3536905,안녕이라고 말하지마,6.14,26,
943,30937275,별이 빛나는 밤,6.14,34,
944,3403761,Fiction,6.12,23,
945,3601573,Swing Baby,6.11,12,
946,4484403,씨스루,6.1,11,
947,3928290,My Son,6.08,11,
948,8038492,센치해,6.08,16,
949,30244932,Not Today,6.08,13,
950,30383949,TOMBOY,6.06,21,
951,8261338,Day Day (Feat. 박재범) (Prod. by GRAY),6.05,37,
952,4478189,살아 봤으면 해,6.04,21,
953,4665107,내가 할 수 없는 말 (Feat. 나비),6.04,13,
954,5415175,"화장 지웠어 (Feat. Zion.T, HA:TFELT) (No Make Up)",6.04,23,
955,5781104,Remember,6.04,18,
956,4212184,24시간이 모자라,6.03,13,
957,7870705,리듬 타 (RHYTHM TA),6.03,25,
958,30657311,나의 사춘기에게,6.02,31,
959,4688674,Summer Time (자리비움),6.01,11,
960,5482636,잊지 말기로 해 (Bonus Track),6,15,
961,30661884,하루만,6,13,
962,30390068,오늘 취하면 (Feat. 창모) (Prod. SUGA),5.99,44,
963,4108714,청혼하는 거예요,5.97,22,
964,4635701,미운오리새끼,5.97,15,
965,4064020,Man In Love (남자가 사랑할때),5.96,12,
966,30378157,이런 엔딩,5.96,16,
967,5807273,쩔어 (GD & T.O.P),5.94,15,
968,3642699,촌스럽게 굴지마 (Feat. 용준형),5.93,14,
969,31227367,좋은 날,5.9,12,
970,3747293,기다려 그리고 준비해,5.89,12,
971,8141272,제주도의 푸른 밤,5.88,18,
972,4806687,컬러링,5.86,11,
973,8199190,널 사랑하지 않아,5.84,63,
974,7858989,어깨,5.81,25,
975,30637988,고민보다 Go,5.81,35,
976,4100521,Wash Away (Feat. 에일리),5.8,21,
977,4160246,BAAAM (Feat. Muzie Of UV),5.8,23,
978,9631530,내가 저지른 사랑,5.8,47,
979,3968900,허수아비,5.78,12,
980,4079025,Somebody,5.78,11,
981,4037314,Dream Girl,5.77,14,
982,4478186,Crush,5.76,12,
983,5408681,시간과 낙엽,5.76,15,
984,5767424,링마벨 (Ring My Bell),5.71,14,
985,8170829,사람들이 움직이는 게,5.65,15,
986,4282578,촌스럽게 왜 이래 (You Don`t Know Love),5.64,17,
987,4532820,뜨래요 (Feat. 앙리 Of 3B),5.64,19,
988,30169608,이쁘다니까,5.64,24,
989,3787653,She`s Gone,5.61,20,
990,31056799,잊을만하면,5.61,16,
991,8075429,야 하고 싶어 (Feat. 시우민 of EXO),5.59,15,
992,3394454,이젠 그랬으면 좋겠네 (조용필),5.58,12,
993,5760115,IF YOU,5.58,23,
994,31189085,어쩌나,5.57,13,
995,3832099,네온사인,5.56,12,
996,4021445,안녕 나야,5.56,21,
997,7896509,푸르던,5.56,18,
998,4478188,너 아님 안돼,5.51,21,
999,30285450,FINGERTIP,5.51,15,
1000,30827192,비밀정원,5.51,12,
1001,4193337,으르렁 (Growl),5.5,49,
1002,3656320,속상해서 (술 한잔 해요 Part.2),5.49,12,
1003,4381725,백야,5.45,12,
1004,4168680,미친게 아니라구요 (Feat. MC 스나이퍼),5.42,12,
1005,4060136,둘이서 한잔해,5.4,13,
1006,4307957,"어디서 잤어 (Feat. 버벌진트, 스윙스)",5.39,14,
1007,5421427,헤픈엔딩 (Feat. 조원선 Of 롤러코스터),5.39,23,
1008,3818486,STILL ALIVE,5.37,15,
1009,30215199,기다렸다 가,5.37,18,
1010,31046548,욕심,5.37,20,
1011,30314784,밤편지,5.36,84,
1012,5627962,나도 여자예요,5.33,11,
1013,4066001,사랑은 은하수 다방에서,5.29,11,
1014,5768980,PARTY,5.27,15,
1015,3565243,여우야,5.23,14,
1016,30025065,세 단어,5.21,20,
1017,30637984,보조개,5.21,11,
1018,3928713,닐리리맘보,5.2,20,
1019,7956305,Dream (Feat. XIA of JYJ),5.2,14,
1020,4115610,이 나이 먹도록,5.16,12,
1021,5439395,언제쯤이면 (Duet.아이유),5.16,22,
1022,5465067,U & I (With Crush & 빈지노),5.15,17,
1023,3884575,I Need You,5.14,31,
1024,30646585,잠 못 드는 밤 비는 내리고,5.14,19,
1025,7931723,꿀잼,5.13,12,
1026,9613173,목요일 밤 (Feat. 빈지노),5.11,37,
1027,5401276,소격동,5.1,13,
1028,9634954,러시안 룰렛 (Russian Roulette),5.09,40,
1029,9646572,끝,5.09,25,
1030,4147352,만인의 연인 (Feat. 하림),5.08,11,
1031,3964483,힐링이 필요해,5.04,15,
1032,4645220,나의 옛날이야기,5.02,23,
1033,7900822,4 Walls,5.01,15,
1034,30072075,널 너무 사랑해서 (Feat. 정은지 of 에이핑크),5.01,17,
1035,30126870,술 한잔해요 오늘,5,12,
1036,3734735,LOVE DAY,4.99,25,
1037,4328770,이별식탁 (Feat. 산체스 Of 팬텀),4.99,19,
1038,30072072,11:11,4.99,29,
1039,30143605,Hush,4.98,12,
1040,31085246,Outro : Tear,4.98,14,
1041,5457853,펑펑,4.97,13,
1042,30688502,빈차 (Feat. 오혁),4.97,19,
1043,4583483,얼음들,4.96,13,
1044,5822923,가슴 뛰도록,4.96,15,
1045,31161280,1도 없어,4.96,17,
1046,4282710,미스터리 (Feat. San E),4.94,18,
1047,30753021,눈 (Feat. 이문세),4.94,14,날씨
1048,8219168,GOOD (Feat. ELO),4.93,13,
1049,4150987,비범벅 (Feat. 범키),4.92,15,
1050,8181755,Good Luck,4.92,16,
1051,30948698,꽃 길,4.91,31,
1052,9647331,태풍 (The Eye),4.9,12,
1053,4100925,꼭 한번 만나고 싶다,4.88,19,
1054,30810765,겨울소리,4.87,11,
1055,7985328,다시 (Feat. 유재석),4.86,12,
1056,31113242,영원+1 (Prod. NELL),4.85,14,
1057,4639335,Night And Day,4.84,13,
1058,30657308,Blue,4.79,26,
1059,4366156,"Dali, Van, Picasso",4.74,24,
1060,3411852,늪 (조관우),4.72,13,
1061,8129245,너도 (Feat. Cha Cha Malone),4.72,15,
1062,8247080,쿵,4.71,14,
1063,31133898,너 없인 안 된다,4.71,19,
1064,30029184,21세기 소녀,4.69,15,
1065,30143498,내 눈에만 보여,4.67,14,
1066,30806539,지나갈 테니 (Been Through),4.66,11,
1067,5390701,틈,4.63,22,
1068,31113240,켜줘 (Light),4.63,21,
1069,8161257,내 입술 따뜻한 커피처럼 (Feat. 이성경) (Prod. by 박근태),4.61,23,
1070,3928194,말리꽃 (원곡가수 이승철),4.58,19,
1071,4072715,녹는 중 (Feat. 버벌진트),4.44,24,
1072,4081054,Babay (Feat. Gaeko),4.44,13,
1073,4126905,괜찮겠니,4.41,13,
1074,7956302,I Remember You (Feat. Zion.T),4.41,12,
1075,4153481,Love Love Love,4.38,13,
1076,5717521,넌 나의 집,4.38,11,
1077,30227063,미안해 (feat. Beenzino),4.37,11,
1078,4268435,분홍신,4.36,20,
1079,31113243,모래시계 (Prod. 헤이즈),4.36,17,
1080,4512170,흔한 노래,4.35,22,
1081,4209541,기억속의 먼 그대에게,4.32,12,
1082,30024794,그대 그대 그대,4.32,13,
1083,8247081,Machine Gun (Feat. MINO),4.31,12,
1084,3037107,똑같다면,4.3,11,
1085,30029183,Am I Wrong,4.29,12,
1086,31189241,너나 해 (Egotistic),4.28,15,
1087,31199873,"셋 셀테니 (1, 2, 3!)",4.28,14,
1088,4138611,Crying,4.26,13,
1089,4646572,사랑이 지나가면,4.26,14,
1090,30029181,Lost,4.24,12,
1091,4572941,가끔,4.22,16,
1092,3940755,똑같은 사랑 똑같은 이별,4.21,20,
1093,4691117,니가 빈 자리,4.17,13,
1094,30378156,팔레트 (Feat. G-DRAGON),4.15,52,
1095,4138608,바빠 (Bad Boy),4.14,16,
1096,30290011,부담이 돼 (Feat. 휘인 Of 마마무),4.09,28,
1097,30147446,LAST DANCE,4.05,21,
1098,3570032,Open Arms (Journey) (Feat. 크리스티나),4.01,14,
1099,3411851,나와 같다면 (김장훈),4,13,
1100,30038185,어떻게 지내,4,22,
1101,4749304,AEAO,3.98,11,
1102,3922575,Fine Thank You And You?,3.97,12,
1103,3987723,매력있어,3.93,19,
1104,4061513,그대로 있어도 돼 (Feat. Crush),3.93,12,
1105,4336120,잊혀진다는 거,3.91,12,
1106,31085237,FAKE LOVE,3.91,24,
1107,31215747,SoulMate (Feat. 아이유),3.74,13,
1108,8304594,휘파람,3.68,34,
1109,30202716,최고의 선물 (Prod. by PSY),3.64,11,
1110,8042553,Rain,3.63,33,
1111,30442480,CALLING YOU,3.62,12,
1112,30859584,사랑을 했다 (LOVE SCENARIO),3.59,40,
1113,2951700,그땐 그땐 그땐,3.53,11,
1114,30205955,행복한 척,3.49,15,
1115,30997649,EVERYDAY,3.44,23,
1116,4133615,"회복이 급해 (Feat. 하림, 호투)",3.43,12,
1117,4393317,Good Morning Baby,3.43,11,
1118,31147211,Dejavu,3.39,12,
1119,30147447,GIRLFRIEND,3.3,14,
1120,30660699,너를 찾아서,3.26,11,
1121,5400360,그게 나야,3.24,22,
1122,30688501,"노땡큐 (Feat. MINO, 사이먼 도미닉, 더콰이엇)",3.24,18,
1123,31113241,캥거루 (Kangaroo) (Prod. ZICO),3.17,20,
1124,31131273,뚜두뚜두 (DDU-DU DDU-DU),3.09,20,
1125,30105590,꽃길 (Prod. By ZICO),3.08,24,
1126,5413548,보고싶어,2.98,11,
1127,31113244,11 (Prod. 다이나믹듀오),2.94,11,
1128,3958817,있기 없기,2.91,14,
1129,5421429,스포일러,2.9,11,
1130,3450190,얼음꽃 (Feat. 김세황),2.85,16,
1131,5779688,주마등 (Feat. 우혜미),2.83,12,
1132,3576488,미인,2.77,11,
1133,31093710,여행,2.75,23,
1134,4362019,너에게만,2.73,20,
1135,30120986,이 바보야,2.71,27,
1136,3641162,미행,2.62,11,
1137,5622398,어쩌라고 (So What),2.53,12,
1138,31175119,Dance The Night Away,2.47,16,
1139,31230093,Power Up,2.37,12,
1140,3325048,나 항상 그대를 (With YB),2.2,11,
1141,31164090,동화,1.74,17,
